year_month,total_spend
2025-04,799.9999999999993
2025-05,-775.9599999999965
2025-06,120.39000000000007
2025-07,113.11999999999946
2025-08,-4.480000000000109
